Extroversion,Agreeableness,Conscientiousness,Emotional Stability,Openness
1.0,1.0,0.0,0.0,1.0
1.0,1.0,0.0,0.0,1.0
1.0,1.0,0.0,0.0,1.0
1.0,1.0,0.0,0.0,1.0
1.0,1.0,0.0,0.0,1.0
1.0,1.0,0.0,0.0,1.0
1.0,1.0,0.0,0.0,1.0
1.0,1.0,0.0,0.0,1.0
1.0,1.0,0.0,0.0,1.0
1.0,1.0,0.0,0.0,1.0
1.0,1.0,0.0,0.0,1.0
1.0,1.0,0.0,0.0,1.0
1.0,1.0,0.0,0.0,1.0
1.0,1.0,0.0,0.0,1.0
1.0,1.0,0.0,0.0,1.0
1.0,1.0,0.0,0.0,1.0
1.0,1.0,0.0,0.0,1.0
1.0,1.0,0.0,0.0,1.0
1.0,1.0,0.0,0.0,1.0
1.0,1.0,0.0,0.0,1.0
1.0,1.0,0.0,0.0,1.0
1.0,1.0,0.0,0.0,1.0
1.0,1.0,0.0,0.0,1.0
1.0,1.0,0.0,0.0,1.0
1.0,1.0,0.0,0.0,1.0
1.0,1.0,0.0,0.0,1.0
1.0,1.0,0.0,0.0,1.0
1.0,1.0,0.0,0.0,1.0
1.0,1.0,0.0,0.0,1.0
1.0,1.0,0.0,0.0,1.0
1.0,1.0,0.0,0.0,1.0
1.0,1.0,0.0,0.0,1.0
1.0,1.0,0.0,0.0,1.0
1.0,1.0,0.0,0.0,1.0
1.0,1.0,0.0,0.0,1.0
1.0,1.0,0.0,0.0,1.0
1.0,1.0,0.0,0.0,1.0
1.0,1.0,0.0,0.0,1.0
1.0,1.0,0.0,0.0,1.0
1.0,1.0,0.0,0.0,1.0
1.0,1.0,0.0,0.0,1.0
1.0,1.0,0.0,0.0,1.0
1.0,1.0,0.0,0.0,1.0
1.0,1.0,0.0,0.0,1.0
1.0,1.0,0.0,0.0,1.0
1.0,1.0,0.0,0.0,1.0
1.0,1.0,0.0,0.0,1.0
1.0,1.0,0.0,0.0,1.0
1.0,1.0,0.0,0.0,1.0
1.0,1.0,0.0,0.0,1.0
1.0,1.0,0.0,0.0,1.0
1.0,1.0,0.0,0.0,1.0
1.0,1.0,0.0,0.0,1.0
1.0,1.0,0.0,0.0,1.0
1.0,1.0,0.0,0.0,1.0
1.0,1.0,0.0,0.0,1.0
1.0,1.0,0.0,0.0,1.0
1.0,1.0,0.0,0.0,1.0
1.0,1.0,0.0,0.0,1.0
1.0,1.0,0.0,0.0,1.0
1.0,1.0,0.0,0.0,1.0
1.0,1.0,0.0,0.0,1.0
1.0,1.0,0.0,0.0,1.0
1.0,1.0,0.0,0.0,1.0
1.0,1.0,0.0,0.0,1.0
1.0,1.0,0.0,0.0,1.0
0.0,1.0,1.0,1.0,0.0
0.0,1.0,1.0,1.0,0.0
0.0,1.0,1.0,1.0,0.0
0.0,1.0,1.0,1.0,0.0
0.0,1.0,1.0,1.0,0.0
0.0,1.0,1.0,1.0,0.0
0.0,1.0,1.0,1.0,0.0
0.0,1.0,1.0,1.0,0.0
0.0,1.0,1.0,1.0,0.0
0.0,1.0,1.0,1.0,0.0
0.0,1.0,1.0,1.0,0.0
0.0,1.0,1.0,1.0,0.0
0.0,1.0,1.0,1.0,0.0
0.0,1.0,1.0,1.0,0.0
0.0,1.0,1.0,1.0,0.0
0.0,1.0,1.0,1.0,0.0
0.0,1.0,1.0,1.0,0.0
0.0,1.0,1.0,1.0,0.0
0.0,1.0,1.0,1.0,0.0
0.0,1.0,1.0,1.0,0.0
0.0,1.0,1.0,1.0,0.0
0.0,1.0,1.0,1.0,0.0
0.0,1.0,1.0,1.0,0.0
0.0,1.0,1.0,1.0,0.0
0.0,1.0,1.0,1.0,0.0
0.0,1.0,1.0,1.0,0.0
0.0,1.0,1.0,1.0,0.0
0.0,1.0,1.0,1.0,0.0
0.0,1.0,1.0,1.0,0.0
0.0,1.0,1.0,1.0,0.0
0.0,1.0,1.0,1.0,0.0
0.0,1.0,1.0,1.0,0.0
0.0,1.0,1.0,1.0,0.0
0.0,1.0,1.0,1.0,0.0
0.0,1.0,1.0,1.0,0.0
0.0,1.0,1.0,1.0,0.0
0.0,1.0,1.0,1.0,0.0
0.0,1.0,1.0,1.0,0.0
0.0,1.0,1.0,1.0,0.0
0.0,1.0,1.0,1.0,0.0
0.0,1.0,1.0,1.0,0.0
0.0,1.0,1.0,1.0,0.0
0.0,1.0,1.0,1.0,0.0
0.0,1.0,1.0,1.0,0.0
0.0,1.0,1.0,1.0,0.0
0.0,1.0,1.0,1.0,0.0
0.0,1.0,1.0,1.0,0.0
0.0,1.0,1.0,1.0,0.0
0.0,1.0,1.0,1.0,0.0
0.0,1.0,1.0,1.0,0.0
0.0,1.0,1.0,1.0,0.0
0.0,1.0,1.0,1.0,0.0
0.0,1.0,1.0,1.0,0.0
0.0,1.0,1.0,1.0,0.0
0.0,1.0,1.0,1.0,0.0
0.0,1.0,1.0,1.0,0.0
0.0,1.0,1.0,1.0,0.0
0.0,1.0,1.0,1.0,0.0
0.0,1.0,1.0,1.0,0.0
0.0,1.0,1.0,1.0,0.0
0.0,1.0,1.0,1.0,0.0
0.0,1.0,1.0,1.0,0.0
0.0,1.0,1.0,1.0,0.0
0.0,1.0,1.0,1.0,0.0
0.0,1.0,1.0,1.0,0.0
0.0,1.0,1.0,1.0,0.0
0.0,0.0,1.0,0.0,0.0
0.0,0.0,1.0,0.0,0.0
0.0,0.0,1.0,0.0,0.0
0.0,0.0,1.0,0.0,0.0
0.0,0.0,1.0,0.0,0.0
0.0,0.0,1.0,0.0,0.0
0.0,0.0,1.0,0.0,0.0
0.0,0.0,1.0,0.0,0.0
0.0,0.0,1.0,0.0,0.0
0.0,0.0,1.0,0.0,0.0
0.0,0.0,1.0,0.0,0.0
0.0,0.0,1.0,0.0,0.0
0.0,0.0,1.0,0.0,0.0
0.0,0.0,1.0,0.0,0.0
0.0,0.0,1.0,0.0,0.0
0.0,0.0,1.0,0.0,0.0
0.0,0.0,1.0,0.0,0.0
0.0,0.0,1.0,0.0,0.0
0.0,0.0,1.0,0.0,0.0
0.0,0.0,1.0,0.0,0.0
0.0,0.0,1.0,0.0,0.0
0.0,0.0,1.0,0.0,0.0
0.0,0.0,1.0,0.0,0.0
0.0,0.0,1.0,0.0,0.0
0.0,0.0,1.0,0.0,0.0
0.0,0.0,1.0,0.0,0.0
0.0,0.0,1.0,0.0,0.0
0.0,0.0,1.0,0.0,0.0
0.0,0.0,1.0,0.0,0.0
0.0,0.0,1.0,0.0,0.0
0.0,0.0,1.0,0.0,0.0
0.0,0.0,1.0,0.0,0.0
0.0,0.0,1.0,0.0,0.0
0.0,0.0,1.0,0.0,0.0
0.0,0.0,1.0,0.0,0.0
0.0,0.0,1.0,0.0,0.0
0.0,0.0,1.0,0.0,0.0
0.0,0.0,1.0,0.0,0.0
0.0,0.0,1.0,0.0,0.0
0.0,0.0,1.0,0.0,0.0
0.0,0.0,1.0,0.0,0.0
0.0,0.0,1.0,0.0,0.0
0.0,0.0,1.0,0.0,0.0
0.0,0.0,1.0,0.0,0.0
0.0,0.0,1.0,0.0,0.0
0.0,0.0,1.0,0.0,0.0
0.0,0.0,1.0,0.0,0.0
0.0,0.0,1.0,0.0,0.0
0.0,0.0,1.0,0.0,0.0
0.0,0.0,1.0,0.0,0.0
0.0,0.0,1.0,0.0,0.0
0.0,0.0,1.0,0.0,0.0
0.0,0.0,1.0,0.0,0.0
0.0,0.0,1.0,0.0,0.0
0.0,0.0,1.0,0.0,0.0
0.0,0.0,1.0,0.0,0.0
0.0,0.0,1.0,0.0,0.0
0.0,0.0,1.0,0.0,0.0
0.0,0.0,1.0,0.0,0.0
0.0,0.0,1.0,0.0,0.0
0.0,0.0,1.0,0.0,0.0
0.0,0.0,1.0,0.0,0.0
0.0,0.0,1.0,0.0,0.0
0.0,0.0,1.0,0.0,0.0
0.0,0.0,1.0,0.0,0.0
0.0,0.0,1.0,0.0,0.0
1.0,1.0,0.0,1.0,1.0
1.0,1.0,0.0,1.0,1.0
1.0,1.0,0.0,1.0,1.0
1.0,1.0,0.0,1.0,1.0
1.0,1.0,0.0,1.0,1.0
1.0,1.0,0.0,1.0,1.0
1.0,1.0,0.0,1.0,1.0
1.0,1.0,0.0,1.0,1.0
1.0,1.0,0.0,1.0,1.0
1.0,1.0,0.0,1.0,1.0
1.0,1.0,0.0,1.0,1.0
1.0,1.0,0.0,1.0,1.0
1.0,1.0,0.0,1.0,1.0
1.0,1.0,0.0,1.0,1.0
1.0,1.0,0.0,1.0,1.0
1.0,1.0,0.0,1.0,1.0
1.0,1.0,0.0,1.0,1.0
1.0,1.0,0.0,1.0,1.0
1.0,1.0,0.0,1.0,1.0
1.0,1.0,0.0,1.0,1.0
1.0,1.0,0.0,1.0,1.0
1.0,1.0,0.0,1.0,1.0
1.0,1.0,0.0,1.0,1.0
1.0,1.0,0.0,1.0,1.0
1.0,1.0,0.0,1.0,1.0
1.0,1.0,0.0,1.0,1.0
1.0,1.0,0.0,1.0,1.0
1.0,1.0,0.0,1.0,1.0
1.0,1.0,0.0,1.0,1.0
1.0,1.0,0.0,1.0,1.0
1.0,1.0,0.0,1.0,1.0
1.0,1.0,0.0,1.0,1.0
1.0,1.0,0.0,1.0,1.0
1.0,1.0,0.0,1.0,1.0
1.0,1.0,0.0,1.0,1.0
1.0,1.0,0.0,1.0,1.0
1.0,1.0,0.0,1.0,1.0
1.0,1.0,0.0,1.0,1.0
1.0,1.0,0.0,1.0,1.0
1.0,1.0,0.0,1.0,1.0
1.0,1.0,0.0,1.0,1.0
1.0,1.0,0.0,1.0,1.0
1.0,1.0,0.0,1.0,1.0
1.0,1.0,0.0,1.0,1.0
1.0,1.0,0.0,1.0,1.0
1.0,1.0,0.0,1.0,1.0
1.0,1.0,0.0,1.0,1.0
1.0,1.0,0.0,1.0,1.0
1.0,1.0,0.0,1.0,1.0
1.0,1.0,0.0,1.0,1.0
1.0,1.0,0.0,1.0,1.0
1.0,1.0,0.0,1.0,1.0
1.0,1.0,0.0,1.0,1.0
1.0,1.0,0.0,1.0,1.0
1.0,1.0,0.0,1.0,1.0
1.0,1.0,0.0,1.0,1.0
1.0,1.0,0.0,1.0,1.0
1.0,1.0,0.0,1.0,1.0
1.0,1.0,0.0,1.0,1.0
1.0,1.0,0.0,1.0,1.0
1.0,1.0,0.0,1.0,1.0
1.0,1.0,0.0,1.0,1.0
1.0,1.0,0.0,1.0,1.0
1.0,1.0,0.0,1.0,1.0
1.0,1.0,0.0,1.0,1.0
1.0,1.0,0.0,1.0,1.0
1.0,1.0,0.0,0.0,1.0
1.0,1.0,0.0,0.0,1.0
1.0,1.0,0.0,0.0,1.0
1.0,1.0,0.0,0.0,1.0
1.0,1.0,0.0,0.0,1.0
1.0,1.0,0.0,0.0,1.0
1.0,1.0,0.0,0.0,1.0
1.0,1.0,0.0,0.0,1.0
1.0,1.0,0.0,0.0,1.0
1.0,1.0,0.0,0.0,1.0
1.0,1.0,0.0,0.0,1.0
1.0,1.0,0.0,0.0,1.0
1.0,1.0,0.0,0.0,1.0
1.0,1.0,0.0,0.0,1.0
1.0,1.0,0.0,0.0,1.0
1.0,1.0,0.0,0.0,1.0
1.0,1.0,0.0,0.0,1.0
1.0,1.0,0.0,0.0,1.0
1.0,1.0,0.0,0.0,1.0
1.0,1.0,0.0,0.0,1.0
1.0,1.0,0.0,0.0,1.0
1.0,1.0,0.0,0.0,1.0
1.0,1.0,0.0,0.0,1.0
1.0,1.0,0.0,0.0,1.0
1.0,1.0,0.0,0.0,1.0
1.0,1.0,0.0,0.0,1.0
1.0,1.0,0.0,0.0,1.0
1.0,1.0,0.0,0.0,1.0
1.0,1.0,0.0,0.0,1.0
1.0,1.0,0.0,0.0,1.0
1.0,1.0,0.0,0.0,1.0
1.0,1.0,0.0,0.0,1.0
1.0,1.0,0.0,0.0,1.0
1.0,1.0,0.0,0.0,1.0
1.0,1.0,0.0,0.0,1.0
1.0,1.0,0.0,0.0,1.0
1.0,1.0,0.0,0.0,1.0
1.0,1.0,0.0,0.0,1.0
1.0,1.0,0.0,0.0,1.0
1.0,1.0,0.0,0.0,1.0
1.0,1.0,0.0,0.0,1.0
1.0,1.0,0.0,0.0,1.0
1.0,1.0,0.0,0.0,1.0
1.0,1.0,0.0,0.0,1.0
1.0,1.0,0.0,0.0,1.0
1.0,1.0,0.0,0.0,1.0
1.0,1.0,0.0,0.0,1.0
1.0,1.0,0.0,0.0,1.0
1.0,1.0,0.0,0.0,1.0
1.0,1.0,0.0,0.0,1.0
1.0,1.0,0.0,0.0,1.0
1.0,1.0,0.0,0.0,1.0
1.0,1.0,0.0,0.0,1.0
1.0,1.0,0.0,0.0,1.0
1.0,1.0,0.0,0.0,1.0
1.0,1.0,0.0,0.0,1.0
1.0,1.0,0.0,0.0,1.0
1.0,1.0,0.0,0.0,1.0
1.0,1.0,0.0,0.0,1.0
1.0,1.0,0.0,0.0,1.0
1.0,1.0,0.0,0.0,1.0
1.0,1.0,0.0,0.0,1.0
1.0,1.0,0.0,0.0,1.0
1.0,1.0,0.0,0.0,1.0
1.0,1.0,0.0,0.0,1.0
1.0,1.0,0.0,0.0,1.0
1.0,0.0,1.0,1.0,1.0
1.0,0.0,1.0,1.0,1.0
1.0,0.0,1.0,1.0,1.0
1.0,0.0,1.0,1.0,1.0
1.0,0.0,1.0,1.0,1.0
1.0,0.0,1.0,1.0,1.0
1.0,0.0,1.0,1.0,1.0
1.0,0.0,1.0,1.0,1.0
1.0,0.0,1.0,1.0,1.0
1.0,0.0,1.0,1.0,1.0
1.0,0.0,1.0,1.0,1.0
1.0,0.0,1.0,1.0,1.0
1.0,0.0,1.0,1.0,1.0
1.0,0.0,1.0,1.0,1.0
1.0,0.0,1.0,1.0,1.0
1.0,0.0,1.0,1.0,1.0
1.0,0.0,1.0,1.0,1.0
1.0,0.0,1.0,1.0,1.0
1.0,0.0,1.0,1.0,1.0
1.0,0.0,1.0,1.0,1.0
1.0,0.0,1.0,1.0,1.0
1.0,0.0,1.0,1.0,1.0
1.0,0.0,1.0,1.0,1.0
1.0,0.0,1.0,1.0,1.0
1.0,0.0,1.0,1.0,1.0
1.0,0.0,1.0,1.0,1.0
1.0,0.0,1.0,1.0,1.0
1.0,0.0,1.0,1.0,1.0
1.0,0.0,1.0,1.0,1.0
1.0,0.0,1.0,1.0,1.0
1.0,0.0,1.0,1.0,1.0
1.0,0.0,1.0,1.0,1.0
1.0,0.0,1.0,1.0,1.0
1.0,0.0,1.0,1.0,1.0
1.0,0.0,1.0,1.0,1.0
1.0,0.0,1.0,1.0,1.0
1.0,0.0,1.0,1.0,1.0
1.0,0.0,1.0,1.0,1.0
1.0,0.0,1.0,1.0,1.0
1.0,0.0,1.0,1.0,1.0
1.0,0.0,1.0,1.0,1.0
1.0,0.0,1.0,1.0,1.0
1.0,0.0,1.0,1.0,1.0
1.0,0.0,1.0,1.0,1.0
1.0,0.0,1.0,1.0,1.0
1.0,0.0,1.0,1.0,1.0
1.0,0.0,1.0,1.0,1.0
1.0,0.0,1.0,1.0,1.0
1.0,0.0,1.0,1.0,1.0
1.0,0.0,1.0,1.0,1.0
1.0,0.0,1.0,1.0,1.0
1.0,0.0,1.0,1.0,1.0
1.0,0.0,1.0,1.0,1.0
1.0,0.0,1.0,1.0,1.0
1.0,0.0,1.0,1.0,1.0
1.0,0.0,1.0,1.0,1.0
1.0,0.0,1.0,1.0,1.0
1.0,0.0,1.0,1.0,1.0
1.0,0.0,1.0,1.0,1.0
1.0,0.0,1.0,1.0,1.0
1.0,0.0,1.0,1.0,1.0
1.0,0.0,1.0,1.0,1.0
1.0,0.0,1.0,1.0,1.0
1.0,0.0,1.0,1.0,1.0
1.0,0.0,1.0,1.0,1.0
1.0,0.0,1.0,1.0,1.0
1.0,1.0,1.0,1.0,1.0
1.0,1.0,1.0,1.0,1.0
1.0,1.0,1.0,1.0,1.0
1.0,1.0,1.0,1.0,1.0
1.0,1.0,1.0,1.0,1.0
1.0,1.0,1.0,1.0,1.0
1.0,1.0,1.0,1.0,1.0
1.0,1.0,1.0,1.0,1.0
1.0,1.0,1.0,1.0,1.0
1.0,1.0,1.0,1.0,1.0
1.0,1.0,1.0,1.0,1.0
1.0,1.0,1.0,1.0,1.0
1.0,1.0,1.0,1.0,1.0
1.0,1.0,1.0,1.0,1.0
1.0,1.0,1.0,1.0,1.0
1.0,1.0,1.0,1.0,1.0
1.0,1.0,1.0,1.0,1.0
1.0,1.0,1.0,1.0,1.0
1.0,1.0,1.0,1.0,1.0
1.0,1.0,1.0,1.0,1.0
1.0,1.0,1.0,1.0,1.0
1.0,1.0,1.0,1.0,1.0
1.0,1.0,1.0,1.0,1.0
1.0,1.0,1.0,1.0,1.0
1.0,1.0,1.0,1.0,1.0
1.0,1.0,1.0,1.0,1.0
1.0,1.0,1.0,1.0,1.0
1.0,1.0,1.0,1.0,1.0
1.0,1.0,1.0,1.0,1.0
1.0,1.0,1.0,1.0,1.0
1.0,1.0,1.0,1.0,1.0
1.0,1.0,1.0,1.0,1.0
1.0,1.0,1.0,1.0,1.0
1.0,1.0,1.0,1.0,1.0
1.0,1.0,1.0,1.0,1.0
1.0,1.0,1.0,1.0,1.0
1.0,1.0,1.0,1.0,1.0
1.0,1.0,1.0,1.0,1.0
1.0,1.0,1.0,1.0,1.0
1.0,1.0,1.0,1.0,1.0
1.0,1.0,1.0,1.0,1.0
1.0,1.0,1.0,1.0,1.0
1.0,1.0,1.0,1.0,1.0
1.0,1.0,1.0,1.0,1.0
1.0,1.0,1.0,1.0,1.0
1.0,1.0,1.0,1.0,1.0
1.0,1.0,1.0,1.0,1.0
1.0,1.0,1.0,1.0,1.0
1.0,1.0,1.0,1.0,1.0
1.0,1.0,1.0,1.0,1.0
1.0,1.0,1.0,1.0,1.0
1.0,1.0,1.0,1.0,1.0
1.0,1.0,1.0,1.0,1.0
1.0,1.0,1.0,1.0,1.0
1.0,1.0,1.0,1.0,1.0
1.0,1.0,1.0,1.0,1.0
1.0,1.0,1.0,1.0,1.0
1.0,1.0,1.0,1.0,1.0
1.0,1.0,1.0,1.0,1.0
1.0,1.0,1.0,1.0,1.0
1.0,1.0,1.0,1.0,1.0
1.0,1.0,1.0,1.0,1.0
1.0,1.0,1.0,1.0,1.0
1.0,1.0,1.0,1.0,1.0
1.0,1.0,1.0,1.0,1.0
1.0,1.0,1.0,1.0,1.0
0.0,1.0,1.0,1.0,1.0
0.0,1.0,1.0,1.0,1.0
0.0,1.0,1.0,1.0,1.0
0.0,1.0,1.0,1.0,1.0
0.0,1.0,1.0,1.0,1.0
0.0,1.0,1.0,1.0,1.0
0.0,1.0,1.0,1.0,1.0
0.0,1.0,1.0,1.0,1.0
0.0,1.0,1.0,1.0,1.0
0.0,1.0,1.0,1.0,1.0
0.0,1.0,1.0,1.0,1.0
0.0,1.0,1.0,1.0,1.0
0.0,1.0,1.0,1.0,1.0
0.0,1.0,1.0,1.0,1.0
0.0,1.0,1.0,1.0,1.0
0.0,1.0,1.0,1.0,1.0
0.0,1.0,1.0,1.0,1.0
0.0,1.0,1.0,1.0,1.0
0.0,1.0,1.0,1.0,1.0
0.0,1.0,1.0,1.0,1.0
0.0,1.0,1.0,1.0,1.0
0.0,1.0,1.0,1.0,1.0
0.0,1.0,1.0,1.0,1.0
0.0,1.0,1.0,1.0,1.0
0.0,1.0,1.0,1.0,1.0
0.0,1.0,1.0,1.0,1.0
0.0,1.0,1.0,1.0,1.0
0.0,1.0,1.0,1.0,1.0
0.0,1.0,1.0,1.0,1.0
0.0,1.0,1.0,1.0,1.0
0.0,1.0,1.0,1.0,1.0
0.0,1.0,1.0,1.0,1.0
0.0,1.0,1.0,1.0,1.0
0.0,1.0,1.0,1.0,1.0
0.0,1.0,1.0,1.0,1.0
0.0,1.0,1.0,1.0,1.0
0.0,1.0,1.0,1.0,1.0
0.0,1.0,1.0,1.0,1.0
0.0,1.0,1.0,1.0,1.0
0.0,1.0,1.0,1.0,1.0
0.0,1.0,1.0,1.0,1.0
0.0,1.0,1.0,1.0,1.0
0.0,1.0,1.0,1.0,1.0
0.0,1.0,1.0,1.0,1.0
0.0,1.0,1.0,1.0,1.0
0.0,1.0,1.0,1.0,1.0
0.0,1.0,1.0,1.0,1.0
0.0,1.0,1.0,1.0,1.0
0.0,1.0,1.0,1.0,1.0
0.0,1.0,1.0,1.0,1.0
0.0,1.0,1.0,1.0,1.0
0.0,1.0,1.0,1.0,1.0
0.0,1.0,1.0,1.0,1.0
0.0,1.0,1.0,1.0,1.0
0.0,1.0,1.0,1.0,1.0
0.0,1.0,1.0,1.0,1.0
0.0,1.0,1.0,1.0,1.0
0.0,1.0,1.0,1.0,1.0
0.0,1.0,1.0,1.0,1.0
0.0,1.0,1.0,1.0,1.0
0.0,1.0,1.0,1.0,1.0
0.0,1.0,1.0,1.0,1.0
0.0,1.0,1.0,1.0,1.0
0.0,1.0,1.0,1.0,1.0
0.0,1.0,1.0,1.0,1.0
0.0,1.0,1.0,1.0,1.0
1.0,1.0,1.0,1.0,0.0
1.0,1.0,1.0,1.0,0.0
1.0,1.0,1.0,1.0,0.0
1.0,1.0,1.0,1.0,0.0
1.0,1.0,1.0,1.0,0.0
1.0,1.0,1.0,1.0,0.0
1.0,1.0,1.0,1.0,0.0
1.0,1.0,1.0,1.0,0.0
1.0,1.0,1.0,1.0,0.0
1.0,1.0,1.0,1.0,0.0
1.0,1.0,1.0,1.0,0.0
1.0,1.0,1.0,1.0,0.0
1.0,1.0,1.0,1.0,0.0
1.0,1.0,1.0,1.0,0.0
1.0,1.0,1.0,1.0,0.0
1.0,1.0,1.0,1.0,0.0
1.0,1.0,1.0,1.0,0.0
1.0,1.0,1.0,1.0,0.0
1.0,1.0,1.0,1.0,0.0
1.0,1.0,1.0,1.0,0.0
1.0,1.0,1.0,1.0,0.0
1.0,1.0,1.0,1.0,0.0
1.0,1.0,1.0,1.0,0.0
1.0,1.0,1.0,1.0,0.0
1.0,1.0,1.0,1.0,0.0
1.0,1.0,1.0,1.0,0.0
1.0,1.0,1.0,1.0,0.0
1.0,1.0,1.0,1.0,0.0
1.0,1.0,1.0,1.0,0.0
1.0,1.0,1.0,1.0,0.0
1.0,1.0,1.0,1.0,0.0
1.0,1.0,1.0,1.0,0.0
1.0,1.0,1.0,1.0,0.0
1.0,1.0,1.0,1.0,0.0
1.0,1.0,1.0,1.0,0.0
1.0,1.0,1.0,1.0,0.0
1.0,1.0,1.0,1.0,0.0
1.0,1.0,1.0,1.0,0.0
1.0,1.0,1.0,1.0,0.0
1.0,1.0,1.0,1.0,0.0
1.0,1.0,1.0,1.0,0.0
1.0,1.0,1.0,1.0,0.0
1.0,1.0,1.0,1.0,0.0
1.0,1.0,1.0,1.0,0.0
1.0,1.0,1.0,1.0,0.0
1.0,1.0,1.0,1.0,0.0
1.0,1.0,1.0,1.0,0.0
1.0,1.0,1.0,1.0,0.0
1.0,1.0,1.0,1.0,0.0
1.0,1.0,1.0,1.0,0.0
1.0,1.0,1.0,1.0,0.0
1.0,1.0,1.0,1.0,0.0
1.0,1.0,1.0,1.0,0.0
1.0,1.0,1.0,1.0,0.0
1.0,1.0,1.0,1.0,0.0
1.0,1.0,1.0,1.0,0.0
1.0,1.0,1.0,1.0,0.0
1.0,1.0,1.0,1.0,0.0
1.0,1.0,1.0,1.0,0.0
1.0,1.0,1.0,1.0,0.0
1.0,1.0,1.0,1.0,0.0
1.0,1.0,1.0,1.0,0.0
1.0,1.0,1.0,1.0,0.0
1.0,1.0,1.0,1.0,0.0
1.0,1.0,1.0,1.0,0.0
1.0,1.0,1.0,1.0,0.0
0.0,1.0,0.0,0.0,1.0
0.0,1.0,0.0,0.0,1.0
0.0,1.0,0.0,0.0,1.0
0.0,1.0,0.0,0.0,1.0
0.0,1.0,0.0,0.0,1.0
0.0,1.0,0.0,0.0,1.0
0.0,1.0,0.0,0.0,1.0
0.0,1.0,0.0,0.0,1.0
0.0,1.0,0.0,0.0,1.0
0.0,1.0,0.0,0.0,1.0
0.0,1.0,0.0,0.0,1.0
0.0,1.0,0.0,0.0,1.0
0.0,1.0,0.0,0.0,1.0
0.0,1.0,0.0,0.0,1.0
0.0,1.0,0.0,0.0,1.0
0.0,1.0,0.0,0.0,1.0
0.0,1.0,0.0,0.0,1.0
0.0,1.0,0.0,0.0,1.0
0.0,1.0,0.0,0.0,1.0
0.0,1.0,0.0,0.0,1.0
0.0,1.0,0.0,0.0,1.0
0.0,1.0,0.0,0.0,1.0
0.0,1.0,0.0,0.0,1.0
0.0,1.0,0.0,0.0,1.0
0.0,1.0,0.0,0.0,1.0
0.0,1.0,0.0,0.0,1.0
0.0,1.0,0.0,0.0,1.0
0.0,1.0,0.0,0.0,1.0
0.0,1.0,0.0,0.0,1.0
0.0,1.0,0.0,0.0,1.0
0.0,1.0,0.0,0.0,1.0
0.0,1.0,0.0,0.0,1.0
0.0,1.0,0.0,0.0,1.0
0.0,1.0,0.0,0.0,1.0
0.0,1.0,0.0,0.0,1.0
0.0,1.0,0.0,0.0,1.0
0.0,1.0,0.0,0.0,1.0
0.0,1.0,0.0,0.0,1.0
0.0,1.0,0.0,0.0,1.0
0.0,1.0,0.0,0.0,1.0
0.0,1.0,0.0,0.0,1.0
0.0,1.0,0.0,0.0,1.0
0.0,1.0,0.0,0.0,1.0
0.0,1.0,0.0,0.0,1.0
0.0,1.0,0.0,0.0,1.0
0.0,1.0,0.0,0.0,1.0
0.0,1.0,0.0,0.0,1.0
0.0,1.0,0.0,0.0,1.0
0.0,1.0,0.0,0.0,1.0
0.0,1.0,0.0,0.0,1.0
0.0,1.0,0.0,0.0,1.0
0.0,1.0,0.0,0.0,1.0
0.0,1.0,0.0,0.0,1.0
0.0,1.0,0.0,0.0,1.0
0.0,1.0,0.0,0.0,1.0
0.0,1.0,0.0,0.0,1.0
0.0,1.0,0.0,0.0,1.0
0.0,1.0,0.0,0.0,1.0
0.0,1.0,0.0,0.0,1.0
0.0,1.0,0.0,0.0,1.0
0.0,1.0,0.0,0.0,1.0
0.0,1.0,0.0,0.0,1.0
0.0,1.0,0.0,0.0,1.0
0.0,1.0,0.0,0.0,1.0
0.0,1.0,0.0,0.0,1.0
0.0,1.0,0.0,0.0,1.0
1.0,0.0,1.0,1.0,1.0
1.0,0.0,1.0,1.0,1.0
1.0,0.0,1.0,1.0,1.0
1.0,0.0,1.0,1.0,1.0
1.0,0.0,1.0,1.0,1.0
1.0,0.0,1.0,1.0,1.0
1.0,0.0,1.0,1.0,1.0
1.0,0.0,1.0,1.0,1.0
1.0,0.0,1.0,1.0,1.0
1.0,0.0,1.0,1.0,1.0
1.0,0.0,1.0,1.0,1.0
1.0,0.0,1.0,1.0,1.0
1.0,0.0,1.0,1.0,1.0
1.0,0.0,1.0,1.0,1.0
1.0,0.0,1.0,1.0,1.0
1.0,0.0,1.0,1.0,1.0
1.0,0.0,1.0,1.0,1.0
1.0,0.0,1.0,1.0,1.0
1.0,0.0,1.0,1.0,1.0
1.0,0.0,1.0,1.0,1.0
1.0,0.0,1.0,1.0,1.0
1.0,0.0,1.0,1.0,1.0
1.0,0.0,1.0,1.0,1.0
1.0,0.0,1.0,1.0,1.0
1.0,0.0,1.0,1.0,1.0
1.0,0.0,1.0,1.0,1.0
1.0,0.0,1.0,1.0,1.0
1.0,0.0,1.0,1.0,1.0
1.0,0.0,1.0,1.0,1.0
1.0,0.0,1.0,1.0,1.0
1.0,0.0,1.0,1.0,1.0
1.0,0.0,1.0,1.0,1.0
1.0,0.0,1.0,1.0,1.0
1.0,0.0,1.0,1.0,1.0
1.0,0.0,1.0,1.0,1.0
1.0,0.0,1.0,1.0,1.0
1.0,0.0,1.0,1.0,1.0
1.0,0.0,1.0,1.0,1.0
1.0,0.0,1.0,1.0,1.0
1.0,0.0,1.0,1.0,1.0
1.0,0.0,1.0,1.0,1.0
1.0,0.0,1.0,1.0,1.0
1.0,0.0,1.0,1.0,1.0
1.0,0.0,1.0,1.0,1.0
1.0,0.0,1.0,1.0,1.0
1.0,0.0,1.0,1.0,1.0
1.0,0.0,1.0,1.0,1.0
1.0,0.0,1.0,1.0,1.0
1.0,0.0,1.0,1.0,1.0
1.0,0.0,1.0,1.0,1.0
1.0,0.0,1.0,1.0,1.0
1.0,0.0,1.0,1.0,1.0
1.0,0.0,1.0,1.0,1.0
1.0,0.0,1.0,1.0,1.0
1.0,0.0,1.0,1.0,1.0
1.0,0.0,1.0,1.0,1.0
1.0,0.0,1.0,1.0,1.0
1.0,0.0,1.0,1.0,1.0
1.0,0.0,1.0,1.0,1.0
1.0,0.0,1.0,1.0,1.0
1.0,0.0,1.0,1.0,1.0
1.0,0.0,1.0,1.0,1.0
1.0,0.0,1.0,1.0,1.0
1.0,0.0,1.0,1.0,1.0
1.0,0.0,1.0,1.0,1.0
1.0,0.0,1.0,1.0,1.0
1.0,0.0,0.0,0.0,1.0
1.0,0.0,0.0,0.0,1.0
1.0,0.0,0.0,0.0,1.0
1.0,0.0,0.0,0.0,1.0
1.0,0.0,0.0,0.0,1.0
1.0,0.0,0.0,0.0,1.0
1.0,0.0,0.0,0.0,1.0
1.0,0.0,0.0,0.0,1.0
1.0,0.0,0.0,0.0,1.0
1.0,0.0,0.0,0.0,1.0
1.0,0.0,0.0,0.0,1.0
1.0,0.0,0.0,0.0,1.0
1.0,0.0,0.0,0.0,1.0
1.0,0.0,0.0,0.0,1.0
1.0,0.0,0.0,0.0,1.0
1.0,0.0,0.0,0.0,1.0
1.0,0.0,0.0,0.0,1.0
1.0,0.0,0.0,0.0,1.0
1.0,0.0,0.0,0.0,1.0
1.0,0.0,0.0,0.0,1.0
1.0,0.0,0.0,0.0,1.0
1.0,0.0,0.0,0.0,1.0
1.0,0.0,0.0,0.0,1.0
1.0,0.0,0.0,0.0,1.0
1.0,0.0,0.0,0.0,1.0
1.0,0.0,0.0,0.0,1.0
1.0,0.0,0.0,0.0,1.0
1.0,0.0,0.0,0.0,1.0
1.0,0.0,0.0,0.0,1.0
1.0,0.0,0.0,0.0,1.0
1.0,0.0,0.0,0.0,1.0
1.0,0.0,0.0,0.0,1.0
1.0,0.0,0.0,0.0,1.0
1.0,0.0,0.0,0.0,1.0
1.0,0.0,0.0,0.0,1.0
1.0,0.0,0.0,0.0,1.0
1.0,0.0,0.0,0.0,1.0
1.0,0.0,0.0,0.0,1.0
1.0,0.0,0.0,0.0,1.0
1.0,0.0,0.0,0.0,1.0
1.0,0.0,0.0,0.0,1.0
1.0,0.0,0.0,0.0,1.0
1.0,0.0,0.0,0.0,1.0
1.0,0.0,0.0,0.0,1.0
1.0,0.0,0.0,0.0,1.0
1.0,0.0,0.0,0.0,1.0
1.0,0.0,0.0,0.0,1.0
1.0,0.0,0.0,0.0,1.0
1.0,0.0,0.0,0.0,1.0
1.0,0.0,0.0,0.0,1.0
1.0,0.0,0.0,0.0,1.0
1.0,0.0,0.0,0.0,1.0
1.0,0.0,0.0,0.0,1.0
1.0,0.0,0.0,0.0,1.0
1.0,0.0,0.0,0.0,1.0
1.0,0.0,0.0,0.0,1.0
1.0,0.0,0.0,0.0,1.0
1.0,0.0,0.0,0.0,1.0
1.0,0.0,0.0,0.0,1.0
1.0,0.0,0.0,0.0,1.0
1.0,0.0,0.0,0.0,1.0
1.0,0.0,0.0,0.0,1.0
1.0,0.0,0.0,0.0,1.0
1.0,0.0,0.0,0.0,1.0
1.0,0.0,0.0,0.0,1.0
1.0,0.0,0.0,0.0,1.0
1.0,1.0,1.0,1.0,1.0
1.0,1.0,1.0,1.0,1.0
1.0,1.0,1.0,1.0,1.0
1.0,1.0,1.0,1.0,1.0
1.0,1.0,1.0,1.0,1.0
1.0,1.0,1.0,1.0,1.0
1.0,1.0,1.0,1.0,1.0
1.0,1.0,1.0,1.0,1.0
1.0,1.0,1.0,1.0,1.0
1.0,1.0,1.0,1.0,1.0
1.0,1.0,1.0,1.0,1.0
1.0,1.0,1.0,1.0,1.0
1.0,1.0,1.0,1.0,1.0
1.0,1.0,1.0,1.0,1.0
1.0,1.0,1.0,1.0,1.0
1.0,1.0,1.0,1.0,1.0
1.0,1.0,1.0,1.0,1.0
1.0,1.0,1.0,1.0,1.0
1.0,1.0,1.0,1.0,1.0
1.0,1.0,1.0,1.0,1.0
1.0,1.0,1.0,1.0,1.0
1.0,1.0,1.0,1.0,1.0
1.0,1.0,1.0,1.0,1.0
1.0,1.0,1.0,1.0,1.0
1.0,1.0,1.0,1.0,1.0
1.0,1.0,1.0,1.0,1.0
1.0,1.0,1.0,1.0,1.0
1.0,1.0,1.0,1.0,1.0
1.0,1.0,1.0,1.0,1.0
1.0,1.0,1.0,1.0,1.0
1.0,1.0,1.0,1.0,1.0
1.0,1.0,1.0,1.0,1.0
1.0,1.0,1.0,1.0,1.0
1.0,1.0,1.0,1.0,1.0
1.0,1.0,1.0,1.0,1.0
1.0,1.0,1.0,1.0,1.0
1.0,1.0,1.0,1.0,1.0
1.0,1.0,1.0,1.0,1.0
1.0,1.0,1.0,1.0,1.0
1.0,1.0,1.0,1.0,1.0
1.0,1.0,1.0,1.0,1.0
1.0,1.0,1.0,1.0,1.0
1.0,1.0,1.0,1.0,1.0
1.0,1.0,1.0,1.0,1.0
1.0,1.0,1.0,1.0,1.0
1.0,1.0,1.0,1.0,1.0
1.0,1.0,1.0,1.0,1.0
1.0,1.0,1.0,1.0,1.0
1.0,1.0,1.0,1.0,1.0
1.0,1.0,1.0,1.0,1.0
1.0,1.0,1.0,1.0,1.0
1.0,1.0,1.0,1.0,1.0
1.0,1.0,1.0,1.0,1.0
1.0,1.0,1.0,1.0,1.0
1.0,1.0,1.0,1.0,1.0
1.0,1.0,1.0,1.0,1.0
1.0,1.0,1.0,1.0,1.0
1.0,1.0,1.0,1.0,1.0
1.0,1.0,1.0,1.0,1.0
1.0,1.0,1.0,1.0,1.0
1.0,1.0,1.0,1.0,1.0
1.0,1.0,1.0,1.0,1.0
1.0,1.0,1.0,1.0,1.0
1.0,1.0,1.0,1.0,1.0
1.0,1.0,1.0,1.0,1.0
1.0,1.0,1.0,1.0,1.0
1.0,1.0,1.0,0.0,0.0
1.0,1.0,1.0,0.0,0.0
1.0,1.0,1.0,0.0,0.0
1.0,1.0,1.0,0.0,0.0
1.0,1.0,1.0,0.0,0.0
1.0,1.0,1.0,0.0,0.0
1.0,1.0,1.0,0.0,0.0
1.0,1.0,1.0,0.0,0.0
1.0,1.0,1.0,0.0,0.0
1.0,1.0,1.0,0.0,0.0
1.0,1.0,1.0,0.0,0.0
1.0,1.0,1.0,0.0,0.0
1.0,1.0,1.0,0.0,0.0
1.0,1.0,1.0,0.0,0.0
1.0,1.0,1.0,0.0,0.0
1.0,1.0,1.0,0.0,0.0
1.0,1.0,1.0,0.0,0.0
1.0,1.0,1.0,0.0,0.0
1.0,1.0,1.0,0.0,0.0
1.0,1.0,1.0,0.0,0.0
1.0,1.0,1.0,0.0,0.0
1.0,1.0,1.0,0.0,0.0
1.0,1.0,1.0,0.0,0.0
1.0,1.0,1.0,0.0,0.0
1.0,1.0,1.0,0.0,0.0
1.0,1.0,1.0,0.0,0.0
1.0,1.0,1.0,0.0,0.0
1.0,1.0,1.0,0.0,0.0
1.0,1.0,1.0,0.0,0.0
1.0,1.0,1.0,0.0,0.0
1.0,1.0,1.0,0.0,0.0
1.0,1.0,1.0,0.0,0.0
1.0,1.0,1.0,0.0,0.0
1.0,1.0,1.0,0.0,0.0
1.0,1.0,1.0,0.0,0.0
1.0,1.0,1.0,0.0,0.0
1.0,1.0,1.0,0.0,0.0
1.0,1.0,1.0,0.0,0.0
1.0,1.0,1.0,0.0,0.0
1.0,1.0,1.0,0.0,0.0
1.0,1.0,1.0,0.0,0.0
1.0,1.0,1.0,0.0,0.0
1.0,1.0,1.0,0.0,0.0
1.0,1.0,1.0,0.0,0.0
1.0,1.0,1.0,0.0,0.0
1.0,1.0,1.0,0.0,0.0
1.0,1.0,1.0,0.0,0.0
1.0,1.0,1.0,0.0,0.0
1.0,1.0,1.0,0.0,0.0
1.0,1.0,1.0,0.0,0.0
1.0,1.0,1.0,0.0,0.0
1.0,1.0,1.0,0.0,0.0
1.0,1.0,1.0,0.0,0.0
1.0,1.0,1.0,0.0,0.0
1.0,1.0,1.0,0.0,0.0
1.0,1.0,1.0,0.0,0.0
1.0,1.0,1.0,0.0,0.0
1.0,1.0,1.0,0.0,0.0
1.0,1.0,1.0,0.0,0.0
1.0,1.0,1.0,0.0,0.0
1.0,1.0,1.0,0.0,0.0
1.0,1.0,1.0,0.0,0.0
1.0,1.0,1.0,0.0,0.0
1.0,1.0,1.0,0.0,0.0
1.0,1.0,1.0,0.0,0.0
1.0,1.0,1.0,0.0,0.0
0.0,0.0,0.0,0.0,0.0
0.0,0.0,0.0,0.0,0.0
0.0,0.0,0.0,0.0,0.0
0.0,0.0,0.0,0.0,0.0
0.0,0.0,0.0,0.0,0.0
0.0,0.0,0.0,0.0,0.0
0.0,0.0,0.0,0.0,0.0
0.0,0.0,0.0,0.0,0.0
0.0,0.0,0.0,0.0,0.0
0.0,0.0,0.0,0.0,0.0
0.0,0.0,0.0,0.0,0.0
0.0,0.0,0.0,0.0,0.0
0.0,0.0,0.0,0.0,0.0
0.0,0.0,0.0,0.0,0.0
0.0,0.0,0.0,0.0,0.0
0.0,0.0,0.0,0.0,0.0
0.0,0.0,0.0,0.0,0.0
0.0,0.0,0.0,0.0,0.0
0.0,0.0,0.0,0.0,0.0
0.0,0.0,0.0,0.0,0.0
0.0,0.0,0.0,0.0,0.0
0.0,0.0,0.0,0.0,0.0
0.0,0.0,0.0,0.0,0.0
0.0,0.0,0.0,0.0,0.0
0.0,0.0,0.0,0.0,0.0
0.0,0.0,0.0,0.0,0.0
0.0,0.0,0.0,0.0,0.0
0.0,0.0,0.0,0.0,0.0
0.0,0.0,0.0,0.0,0.0
0.0,0.0,0.0,0.0,0.0
0.0,0.0,0.0,0.0,0.0
0.0,0.0,0.0,0.0,0.0
0.0,0.0,0.0,0.0,0.0
0.0,0.0,0.0,0.0,0.0
0.0,0.0,0.0,0.0,0.0
0.0,0.0,0.0,0.0,0.0
0.0,0.0,0.0,0.0,0.0
0.0,0.0,0.0,0.0,0.0
0.0,0.0,0.0,0.0,0.0
0.0,0.0,0.0,0.0,0.0
0.0,0.0,0.0,0.0,0.0
0.0,0.0,0.0,0.0,0.0
0.0,0.0,0.0,0.0,0.0
0.0,0.0,0.0,0.0,0.0
0.0,0.0,0.0,0.0,0.0
0.0,0.0,0.0,0.0,0.0
0.0,0.0,0.0,0.0,0.0
0.0,0.0,0.0,0.0,0.0
0.0,0.0,0.0,0.0,0.0
0.0,0.0,0.0,0.0,0.0
0.0,0.0,0.0,0.0,0.0
0.0,0.0,0.0,0.0,0.0
0.0,0.0,0.0,0.0,0.0
0.0,0.0,0.0,0.0,0.0
0.0,0.0,0.0,0.0,0.0
0.0,0.0,0.0,0.0,0.0
0.0,0.0,0.0,0.0,0.0
0.0,0.0,0.0,0.0,0.0
0.0,0.0,0.0,0.0,0.0
0.0,0.0,0.0,0.0,0.0
0.0,0.0,0.0,0.0,0.0
0.0,0.0,0.0,0.0,0.0
0.0,0.0,0.0,0.0,0.0
0.0,0.0,0.0,0.0,0.0
0.0,0.0,0.0,0.0,0.0
0.0,0.0,0.0,0.0,0.0
1.0,1.0,1.0,1.0,0.0
1.0,1.0,1.0,1.0,0.0
1.0,1.0,1.0,1.0,0.0
1.0,1.0,1.0,1.0,0.0
1.0,1.0,1.0,1.0,0.0
1.0,1.0,1.0,1.0,0.0
1.0,1.0,1.0,1.0,0.0
1.0,1.0,1.0,1.0,0.0
1.0,1.0,1.0,1.0,0.0
1.0,1.0,1.0,1.0,0.0
1.0,1.0,1.0,1.0,0.0
1.0,1.0,1.0,1.0,0.0
1.0,1.0,1.0,1.0,0.0
1.0,1.0,1.0,1.0,0.0
1.0,1.0,1.0,1.0,0.0
1.0,1.0,1.0,1.0,0.0
1.0,1.0,1.0,1.0,0.0
1.0,1.0,1.0,1.0,0.0
1.0,1.0,1.0,1.0,0.0
1.0,1.0,1.0,1.0,0.0
1.0,1.0,1.0,1.0,0.0
1.0,1.0,1.0,1.0,0.0
1.0,1.0,1.0,1.0,0.0
1.0,1.0,1.0,1.0,0.0
1.0,1.0,1.0,1.0,0.0
1.0,1.0,1.0,1.0,0.0
1.0,1.0,1.0,1.0,0.0
1.0,1.0,1.0,1.0,0.0
1.0,1.0,1.0,1.0,0.0
1.0,1.0,1.0,1.0,0.0
1.0,1.0,1.0,1.0,0.0
1.0,1.0,1.0,1.0,0.0
1.0,1.0,1.0,1.0,0.0
1.0,1.0,1.0,1.0,0.0
1.0,1.0,1.0,1.0,0.0
1.0,1.0,1.0,1.0,0.0
1.0,1.0,1.0,1.0,0.0
1.0,1.0,1.0,1.0,0.0
1.0,1.0,1.0,1.0,0.0
1.0,1.0,1.0,1.0,0.0
1.0,1.0,1.0,1.0,0.0
1.0,1.0,1.0,1.0,0.0
1.0,1.0,1.0,1.0,0.0
1.0,1.0,1.0,1.0,0.0
1.0,1.0,1.0,1.0,0.0
1.0,1.0,1.0,1.0,0.0
1.0,1.0,1.0,1.0,0.0
1.0,1.0,1.0,1.0,0.0
1.0,1.0,1.0,1.0,0.0
1.0,1.0,1.0,1.0,0.0
1.0,1.0,1.0,1.0,0.0
1.0,1.0,1.0,1.0,0.0
1.0,1.0,1.0,1.0,0.0
1.0,1.0,1.0,1.0,0.0
1.0,1.0,1.0,1.0,0.0
1.0,1.0,1.0,1.0,0.0
1.0,1.0,1.0,1.0,0.0
1.0,1.0,1.0,1.0,0.0
1.0,1.0,1.0,1.0,0.0
1.0,1.0,1.0,1.0,0.0
1.0,1.0,1.0,1.0,0.0
1.0,1.0,1.0,1.0,0.0
1.0,1.0,1.0,1.0,0.0
1.0,1.0,1.0,1.0,0.0
1.0,1.0,1.0,1.0,0.0
1.0,1.0,1.0,1.0,0.0
1.0,1.0,1.0,1.0,0.0
1.0,1.0,1.0,1.0,0.0
1.0,1.0,1.0,1.0,0.0
1.0,1.0,1.0,1.0,0.0
1.0,1.0,1.0,1.0,0.0
1.0,1.0,1.0,1.0,0.0
1.0,1.0,1.0,1.0,0.0
1.0,1.0,1.0,1.0,0.0
1.0,1.0,1.0,1.0,0.0
1.0,1.0,1.0,1.0,0.0
1.0,1.0,1.0,1.0,0.0
1.0,1.0,1.0,1.0,0.0
1.0,1.0,1.0,1.0,0.0
1.0,1.0,1.0,1.0,0.0
1.0,1.0,1.0,1.0,0.0
1.0,1.0,1.0,1.0,0.0
1.0,1.0,1.0,1.0,0.0
1.0,1.0,1.0,1.0,0.0
1.0,1.0,1.0,1.0,0.0
1.0,1.0,1.0,1.0,0.0
1.0,1.0,1.0,1.0,0.0
1.0,1.0,1.0,1.0,0.0
1.0,1.0,1.0,1.0,0.0
1.0,1.0,1.0,1.0,0.0
1.0,1.0,1.0,1.0,0.0
1.0,1.0,1.0,1.0,0.0
1.0,1.0,1.0,1.0,0.0
1.0,1.0,1.0,1.0,0.0
1.0,1.0,1.0,1.0,0.0
1.0,1.0,1.0,1.0,0.0
1.0,1.0,1.0,1.0,0.0
1.0,1.0,1.0,1.0,0.0
1.0,1.0,1.0,1.0,0.0
1.0,1.0,1.0,1.0,0.0
1.0,1.0,1.0,1.0,0.0
1.0,1.0,1.0,1.0,0.0
1.0,1.0,1.0,1.0,0.0
1.0,1.0,1.0,1.0,0.0
1.0,1.0,1.0,1.0,0.0
1.0,1.0,1.0,1.0,0.0
1.0,1.0,1.0,1.0,0.0
1.0,1.0,1.0,1.0,0.0
1.0,1.0,1.0,1.0,0.0
1.0,1.0,1.0,1.0,0.0
1.0,1.0,1.0,1.0,0.0
1.0,1.0,1.0,1.0,0.0
1.0,1.0,1.0,1.0,0.0
1.0,1.0,1.0,1.0,0.0
1.0,1.0,1.0,1.0,0.0
1.0,1.0,1.0,1.0,0.0
1.0,1.0,1.0,1.0,0.0
1.0,1.0,1.0,1.0,0.0
1.0,1.0,1.0,1.0,0.0
1.0,1.0,1.0,1.0,0.0
1.0,1.0,1.0,1.0,0.0
1.0,1.0,1.0,1.0,0.0
1.0,1.0,1.0,1.0,0.0
1.0,1.0,1.0,1.0,0.0
1.0,1.0,1.0,1.0,0.0
1.0,1.0,1.0,1.0,0.0
1.0,1.0,1.0,1.0,0.0
1.0,1.0,1.0,1.0,0.0
1.0,1.0,1.0,1.0,0.0
1.0,1.0,1.0,1.0,0.0
1.0,1.0,1.0,1.0,0.0
1.0,1.0,1.0,1.0,0.0
1.0,0.0,1.0,1.0,1.0
1.0,0.0,1.0,1.0,1.0
1.0,0.0,1.0,1.0,1.0
1.0,0.0,1.0,1.0,1.0
1.0,0.0,1.0,1.0,1.0
1.0,0.0,1.0,1.0,1.0
1.0,0.0,1.0,1.0,1.0
1.0,0.0,1.0,1.0,1.0
1.0,0.0,1.0,1.0,1.0
1.0,0.0,1.0,1.0,1.0
1.0,0.0,1.0,1.0,1.0
1.0,0.0,1.0,1.0,1.0
1.0,0.0,1.0,1.0,1.0
1.0,0.0,1.0,1.0,1.0
1.0,0.0,1.0,1.0,1.0
1.0,0.0,1.0,1.0,1.0
1.0,0.0,1.0,1.0,1.0
1.0,0.0,1.0,1.0,1.0
1.0,0.0,1.0,1.0,1.0
1.0,0.0,1.0,1.0,1.0
1.0,0.0,1.0,1.0,1.0
1.0,0.0,1.0,1.0,1.0
1.0,0.0,1.0,1.0,1.0
1.0,0.0,1.0,1.0,1.0
1.0,0.0,1.0,1.0,1.0
1.0,0.0,1.0,1.0,1.0
1.0,0.0,1.0,1.0,1.0
1.0,0.0,1.0,1.0,1.0
1.0,0.0,1.0,1.0,1.0
1.0,0.0,1.0,1.0,1.0
1.0,0.0,1.0,1.0,1.0
1.0,0.0,1.0,1.0,1.0
1.0,0.0,1.0,1.0,1.0
1.0,0.0,1.0,1.0,1.0
1.0,0.0,1.0,1.0,1.0
1.0,0.0,1.0,1.0,1.0
1.0,0.0,1.0,1.0,1.0
1.0,0.0,1.0,1.0,1.0
1.0,0.0,1.0,1.0,1.0
1.0,0.0,1.0,1.0,1.0
1.0,0.0,1.0,1.0,1.0
1.0,0.0,1.0,1.0,1.0
1.0,0.0,1.0,1.0,1.0
1.0,0.0,1.0,1.0,1.0
1.0,0.0,1.0,1.0,1.0
1.0,0.0,1.0,1.0,1.0
1.0,0.0,1.0,1.0,1.0
1.0,0.0,1.0,1.0,1.0
1.0,0.0,1.0,1.0,1.0
1.0,0.0,1.0,1.0,1.0
1.0,0.0,1.0,1.0,1.0
1.0,0.0,1.0,1.0,1.0
1.0,0.0,1.0,1.0,1.0
1.0,0.0,1.0,1.0,1.0
1.0,0.0,1.0,1.0,1.0
1.0,0.0,1.0,1.0,1.0
1.0,0.0,1.0,1.0,1.0
1.0,0.0,1.0,1.0,1.0
1.0,0.0,1.0,1.0,1.0
1.0,0.0,1.0,1.0,1.0
1.0,0.0,1.0,1.0,1.0
1.0,0.0,1.0,1.0,1.0
1.0,0.0,1.0,1.0,1.0
1.0,0.0,1.0,1.0,1.0
1.0,0.0,1.0,1.0,1.0
1.0,0.0,1.0,1.0,1.0
0.0,0.0,0.0,1.0,1.0
0.0,0.0,0.0,1.0,1.0
0.0,0.0,0.0,1.0,1.0
0.0,0.0,0.0,1.0,1.0
0.0,0.0,0.0,1.0,1.0
0.0,0.0,0.0,1.0,1.0
0.0,0.0,0.0,1.0,1.0
0.0,0.0,0.0,1.0,1.0
0.0,0.0,0.0,1.0,1.0
0.0,0.0,0.0,1.0,1.0
0.0,0.0,0.0,1.0,1.0
0.0,0.0,0.0,1.0,1.0
0.0,0.0,0.0,1.0,1.0
0.0,0.0,0.0,1.0,1.0
0.0,0.0,0.0,1.0,1.0
0.0,0.0,0.0,1.0,1.0
0.0,0.0,0.0,1.0,1.0
0.0,0.0,0.0,1.0,1.0
0.0,0.0,0.0,1.0,1.0
0.0,0.0,0.0,1.0,1.0
0.0,0.0,0.0,1.0,1.0
0.0,0.0,0.0,1.0,1.0
0.0,0.0,0.0,1.0,1.0
0.0,0.0,0.0,1.0,1.0
0.0,0.0,0.0,1.0,1.0
0.0,0.0,0.0,1.0,1.0
0.0,0.0,0.0,1.0,1.0
0.0,0.0,0.0,1.0,1.0
0.0,0.0,0.0,1.0,1.0
0.0,0.0,0.0,1.0,1.0
0.0,0.0,0.0,1.0,1.0
0.0,0.0,0.0,1.0,1.0
0.0,0.0,0.0,1.0,1.0
0.0,0.0,0.0,1.0,1.0
0.0,0.0,0.0,1.0,1.0
0.0,0.0,0.0,1.0,1.0
0.0,0.0,0.0,1.0,1.0
0.0,0.0,0.0,1.0,1.0
0.0,0.0,0.0,1.0,1.0
0.0,0.0,0.0,1.0,1.0
0.0,0.0,0.0,1.0,1.0
0.0,0.0,0.0,1.0,1.0
0.0,0.0,0.0,1.0,1.0
0.0,0.0,0.0,1.0,1.0
0.0,0.0,0.0,1.0,1.0
0.0,0.0,0.0,1.0,1.0
0.0,0.0,0.0,1.0,1.0
0.0,0.0,0.0,1.0,1.0
0.0,0.0,0.0,1.0,1.0
0.0,0.0,0.0,1.0,1.0
0.0,0.0,0.0,1.0,1.0
0.0,0.0,0.0,1.0,1.0
0.0,0.0,0.0,1.0,1.0
0.0,0.0,0.0,1.0,1.0
0.0,0.0,0.0,1.0,1.0
0.0,0.0,0.0,1.0,1.0
0.0,0.0,0.0,1.0,1.0
0.0,0.0,0.0,1.0,1.0
0.0,0.0,0.0,1.0,1.0
0.0,0.0,0.0,1.0,1.0
0.0,0.0,0.0,1.0,1.0
0.0,0.0,0.0,1.0,1.0
0.0,0.0,0.0,1.0,1.0
0.0,0.0,0.0,1.0,1.0
0.0,0.0,0.0,1.0,1.0
0.0,0.0,0.0,1.0,1.0
1.0,1.0,1.0,1.0,1.0
1.0,1.0,1.0,1.0,1.0
1.0,1.0,1.0,1.0,1.0
1.0,1.0,1.0,1.0,1.0
1.0,1.0,1.0,1.0,1.0
1.0,1.0,1.0,1.0,1.0
1.0,1.0,1.0,1.0,1.0
1.0,1.0,1.0,1.0,1.0
1.0,1.0,1.0,1.0,1.0
1.0,1.0,1.0,1.0,1.0
1.0,1.0,1.0,1.0,1.0
1.0,1.0,1.0,1.0,1.0
1.0,1.0,1.0,1.0,1.0
1.0,1.0,1.0,1.0,1.0
1.0,1.0,1.0,1.0,1.0
1.0,1.0,1.0,1.0,1.0
1.0,1.0,1.0,1.0,1.0
1.0,1.0,1.0,1.0,1.0
1.0,1.0,1.0,1.0,1.0
1.0,1.0,1.0,1.0,1.0
1.0,1.0,1.0,1.0,1.0
1.0,1.0,1.0,1.0,1.0
1.0,1.0,1.0,1.0,1.0
1.0,1.0,1.0,1.0,1.0
1.0,1.0,1.0,1.0,1.0
1.0,1.0,1.0,1.0,1.0
1.0,1.0,1.0,1.0,1.0
1.0,1.0,1.0,1.0,1.0
1.0,1.0,1.0,1.0,1.0
1.0,1.0,1.0,1.0,1.0
1.0,1.0,1.0,1.0,1.0
1.0,1.0,1.0,1.0,1.0
1.0,1.0,1.0,1.0,1.0
1.0,1.0,1.0,1.0,1.0
1.0,1.0,1.0,1.0,1.0
1.0,1.0,1.0,1.0,1.0
1.0,1.0,1.0,1.0,1.0
1.0,1.0,1.0,1.0,1.0
1.0,1.0,1.0,1.0,1.0
1.0,1.0,1.0,1.0,1.0
1.0,1.0,1.0,1.0,1.0
1.0,1.0,1.0,1.0,1.0
1.0,1.0,1.0,1.0,1.0
1.0,1.0,1.0,1.0,1.0
1.0,1.0,1.0,1.0,1.0
1.0,1.0,1.0,1.0,1.0
1.0,1.0,1.0,1.0,1.0
1.0,1.0,1.0,1.0,1.0
1.0,1.0,1.0,1.0,1.0
1.0,1.0,1.0,1.0,1.0
1.0,1.0,1.0,1.0,1.0
1.0,1.0,1.0,1.0,1.0
1.0,1.0,1.0,1.0,1.0
1.0,1.0,1.0,1.0,1.0
1.0,1.0,1.0,1.0,1.0
1.0,1.0,1.0,1.0,1.0
1.0,1.0,1.0,1.0,1.0
1.0,1.0,1.0,1.0,1.0
1.0,1.0,1.0,1.0,1.0
1.0,1.0,1.0,1.0,1.0
1.0,1.0,1.0,1.0,1.0
1.0,1.0,1.0,1.0,1.0
1.0,1.0,1.0,1.0,1.0
1.0,1.0,1.0,1.0,1.0
1.0,1.0,1.0,1.0,1.0
1.0,1.0,1.0,1.0,1.0
0.0,1.0,0.0,0.0,1.0
0.0,1.0,0.0,0.0,1.0
0.0,1.0,0.0,0.0,1.0
0.0,1.0,0.0,0.0,1.0
0.0,1.0,0.0,0.0,1.0
0.0,1.0,0.0,0.0,1.0
0.0,1.0,0.0,0.0,1.0
0.0,1.0,0.0,0.0,1.0
0.0,1.0,0.0,0.0,1.0
0.0,1.0,0.0,0.0,1.0
0.0,1.0,0.0,0.0,1.0
0.0,1.0,0.0,0.0,1.0
0.0,1.0,0.0,0.0,1.0
0.0,1.0,0.0,0.0,1.0
0.0,1.0,0.0,0.0,1.0
0.0,1.0,0.0,0.0,1.0
0.0,1.0,0.0,0.0,1.0
0.0,1.0,0.0,0.0,1.0
0.0,1.0,0.0,0.0,1.0
0.0,1.0,0.0,0.0,1.0
0.0,1.0,0.0,0.0,1.0
0.0,1.0,0.0,0.0,1.0
0.0,1.0,0.0,0.0,1.0
0.0,1.0,0.0,0.0,1.0
0.0,1.0,0.0,0.0,1.0
0.0,1.0,0.0,0.0,1.0
0.0,1.0,0.0,0.0,1.0
0.0,1.0,0.0,0.0,1.0
0.0,1.0,0.0,0.0,1.0
0.0,1.0,0.0,0.0,1.0
0.0,1.0,0.0,0.0,1.0
0.0,1.0,0.0,0.0,1.0
0.0,1.0,0.0,0.0,1.0
0.0,1.0,0.0,0.0,1.0
0.0,1.0,0.0,0.0,1.0
0.0,1.0,0.0,0.0,1.0
0.0,1.0,0.0,0.0,1.0
0.0,1.0,0.0,0.0,1.0
0.0,1.0,0.0,0.0,1.0
0.0,1.0,0.0,0.0,1.0
0.0,1.0,0.0,0.0,1.0
0.0,1.0,0.0,0.0,1.0
0.0,1.0,0.0,0.0,1.0
0.0,1.0,0.0,0.0,1.0
0.0,1.0,0.0,0.0,1.0
0.0,1.0,0.0,0.0,1.0
0.0,1.0,0.0,0.0,1.0
0.0,1.0,0.0,0.0,1.0
0.0,1.0,0.0,0.0,1.0
0.0,1.0,0.0,0.0,1.0
0.0,1.0,0.0,0.0,1.0
0.0,1.0,0.0,0.0,1.0
0.0,1.0,0.0,0.0,1.0
0.0,1.0,0.0,0.0,1.0
0.0,1.0,0.0,0.0,1.0
0.0,1.0,0.0,0.0,1.0
0.0,1.0,0.0,0.0,1.0
0.0,1.0,0.0,0.0,1.0
0.0,1.0,0.0,0.0,1.0
0.0,1.0,0.0,0.0,1.0
0.0,1.0,0.0,0.0,1.0
0.0,1.0,0.0,0.0,1.0
0.0,1.0,0.0,0.0,1.0
0.0,1.0,0.0,0.0,1.0
0.0,1.0,0.0,0.0,1.0
0.0,1.0,0.0,0.0,1.0
1.0,1.0,0.0,1.0,0.0
1.0,1.0,0.0,1.0,0.0
1.0,1.0,0.0,1.0,0.0
1.0,1.0,0.0,1.0,0.0
1.0,1.0,0.0,1.0,0.0
1.0,1.0,0.0,1.0,0.0
1.0,1.0,0.0,1.0,0.0
1.0,1.0,0.0,1.0,0.0
1.0,1.0,0.0,1.0,0.0
1.0,1.0,0.0,1.0,0.0
1.0,1.0,0.0,1.0,0.0
1.0,1.0,0.0,1.0,0.0
1.0,1.0,0.0,1.0,0.0
1.0,1.0,0.0,1.0,0.0
1.0,1.0,0.0,1.0,0.0
1.0,1.0,0.0,1.0,0.0
1.0,1.0,0.0,1.0,0.0
1.0,1.0,0.0,1.0,0.0
1.0,1.0,0.0,1.0,0.0
1.0,1.0,0.0,1.0,0.0
1.0,1.0,0.0,1.0,0.0
1.0,1.0,0.0,1.0,0.0
1.0,1.0,0.0,1.0,0.0
1.0,1.0,0.0,1.0,0.0
1.0,1.0,0.0,1.0,0.0
1.0,1.0,0.0,1.0,0.0
1.0,1.0,0.0,1.0,0.0
1.0,1.0,0.0,1.0,0.0
1.0,1.0,0.0,1.0,0.0
1.0,1.0,0.0,1.0,0.0
1.0,1.0,0.0,1.0,0.0
1.0,1.0,0.0,1.0,0.0
1.0,1.0,0.0,1.0,0.0
1.0,1.0,0.0,1.0,0.0
1.0,1.0,0.0,1.0,0.0
1.0,1.0,0.0,1.0,0.0
1.0,1.0,0.0,1.0,0.0
1.0,1.0,0.0,1.0,0.0
1.0,1.0,0.0,1.0,0.0
1.0,1.0,0.0,1.0,0.0
1.0,1.0,0.0,1.0,0.0
1.0,1.0,0.0,1.0,0.0
1.0,1.0,0.0,1.0,0.0
1.0,1.0,0.0,1.0,0.0
1.0,1.0,0.0,1.0,0.0
1.0,1.0,0.0,1.0,0.0
1.0,1.0,0.0,1.0,0.0
1.0,1.0,0.0,1.0,0.0
1.0,1.0,0.0,1.0,0.0
1.0,1.0,0.0,1.0,0.0
1.0,1.0,0.0,1.0,0.0
1.0,1.0,0.0,1.0,0.0
1.0,1.0,0.0,1.0,0.0
1.0,1.0,0.0,1.0,0.0
1.0,1.0,0.0,1.0,0.0
1.0,1.0,0.0,1.0,0.0
1.0,1.0,0.0,1.0,0.0
1.0,1.0,0.0,1.0,0.0
1.0,1.0,0.0,1.0,0.0
1.0,1.0,0.0,1.0,0.0
1.0,1.0,0.0,1.0,0.0
1.0,1.0,0.0,1.0,0.0
1.0,1.0,0.0,1.0,0.0
1.0,1.0,0.0,1.0,0.0
1.0,1.0,0.0,1.0,0.0
1.0,1.0,0.0,1.0,0.0
0.0,0.0,1.0,1.0,1.0
0.0,0.0,1.0,1.0,1.0
0.0,0.0,1.0,1.0,1.0
0.0,0.0,1.0,1.0,1.0
0.0,0.0,1.0,1.0,1.0
0.0,0.0,1.0,1.0,1.0
0.0,0.0,1.0,1.0,1.0
0.0,0.0,1.0,1.0,1.0
0.0,0.0,1.0,1.0,1.0
0.0,0.0,1.0,1.0,1.0
0.0,0.0,1.0,1.0,1.0
0.0,0.0,1.0,1.0,1.0
0.0,0.0,1.0,1.0,1.0
0.0,0.0,1.0,1.0,1.0
0.0,0.0,1.0,1.0,1.0
0.0,0.0,1.0,1.0,1.0
0.0,0.0,1.0,1.0,1.0
0.0,0.0,1.0,1.0,1.0
0.0,0.0,1.0,1.0,1.0
0.0,0.0,1.0,1.0,1.0
0.0,0.0,1.0,1.0,1.0
0.0,0.0,1.0,1.0,1.0
0.0,0.0,1.0,1.0,1.0
0.0,0.0,1.0,1.0,1.0
0.0,0.0,1.0,1.0,1.0
0.0,0.0,1.0,1.0,1.0
0.0,0.0,1.0,1.0,1.0
0.0,0.0,1.0,1.0,1.0
0.0,0.0,1.0,1.0,1.0
0.0,0.0,1.0,1.0,1.0
0.0,0.0,1.0,1.0,1.0
0.0,0.0,1.0,1.0,1.0
0.0,0.0,1.0,1.0,1.0
0.0,0.0,1.0,1.0,1.0
0.0,0.0,1.0,1.0,1.0
0.0,0.0,1.0,1.0,1.0
0.0,0.0,1.0,1.0,1.0
0.0,0.0,1.0,1.0,1.0
0.0,0.0,1.0,1.0,1.0
0.0,0.0,1.0,1.0,1.0
0.0,0.0,1.0,1.0,1.0
0.0,0.0,1.0,1.0,1.0
0.0,0.0,1.0,1.0,1.0
0.0,0.0,1.0,1.0,1.0
0.0,0.0,1.0,1.0,1.0
0.0,0.0,1.0,1.0,1.0
0.0,0.0,1.0,1.0,1.0
0.0,0.0,1.0,1.0,1.0
0.0,0.0,1.0,1.0,1.0
0.0,0.0,1.0,1.0,1.0
0.0,0.0,1.0,1.0,1.0
0.0,0.0,1.0,1.0,1.0
0.0,0.0,1.0,1.0,1.0
0.0,0.0,1.0,1.0,1.0
0.0,0.0,1.0,1.0,1.0
0.0,0.0,1.0,1.0,1.0
0.0,0.0,1.0,1.0,1.0
0.0,0.0,1.0,1.0,1.0
0.0,0.0,1.0,1.0,1.0
0.0,0.0,1.0,1.0,1.0
0.0,0.0,1.0,1.0,1.0
0.0,0.0,1.0,1.0,1.0
0.0,0.0,1.0,1.0,1.0
0.0,0.0,1.0,1.0,1.0
0.0,0.0,1.0,1.0,1.0
0.0,0.0,1.0,1.0,1.0
0.0,0.0,0.0,0.0,0.0
0.0,0.0,0.0,0.0,0.0
0.0,0.0,0.0,0.0,0.0
0.0,0.0,0.0,0.0,0.0
0.0,0.0,0.0,0.0,0.0
0.0,0.0,0.0,0.0,0.0
0.0,0.0,0.0,0.0,0.0
0.0,0.0,0.0,0.0,0.0
0.0,0.0,0.0,0.0,0.0
0.0,0.0,0.0,0.0,0.0
0.0,0.0,0.0,0.0,0.0
0.0,0.0,0.0,0.0,0.0
0.0,0.0,0.0,0.0,0.0
0.0,0.0,0.0,0.0,0.0
0.0,0.0,0.0,0.0,0.0
0.0,0.0,0.0,0.0,0.0
0.0,0.0,0.0,0.0,0.0
0.0,0.0,0.0,0.0,0.0
0.0,0.0,0.0,0.0,0.0
0.0,0.0,0.0,0.0,0.0
0.0,0.0,0.0,0.0,0.0
0.0,0.0,0.0,0.0,0.0
0.0,0.0,0.0,0.0,0.0
0.0,0.0,0.0,0.0,0.0
0.0,0.0,0.0,0.0,0.0
0.0,0.0,0.0,0.0,0.0
0.0,0.0,0.0,0.0,0.0
0.0,0.0,0.0,0.0,0.0
0.0,0.0,0.0,0.0,0.0
0.0,0.0,0.0,0.0,0.0
0.0,0.0,0.0,0.0,0.0
0.0,0.0,0.0,0.0,0.0
0.0,0.0,0.0,0.0,0.0
0.0,0.0,0.0,0.0,0.0
0.0,0.0,0.0,0.0,0.0
0.0,0.0,0.0,0.0,0.0
0.0,0.0,0.0,0.0,0.0
0.0,0.0,0.0,0.0,0.0
0.0,0.0,0.0,0.0,0.0
0.0,0.0,0.0,0.0,0.0
0.0,0.0,0.0,0.0,0.0
0.0,0.0,0.0,0.0,0.0
0.0,0.0,0.0,0.0,0.0
0.0,0.0,0.0,0.0,0.0
0.0,0.0,0.0,0.0,0.0
0.0,0.0,0.0,0.0,0.0
0.0,0.0,0.0,0.0,0.0
0.0,0.0,0.0,0.0,0.0
0.0,0.0,0.0,0.0,0.0
0.0,0.0,0.0,0.0,0.0
0.0,0.0,0.0,0.0,0.0
0.0,0.0,0.0,0.0,0.0
0.0,0.0,0.0,0.0,0.0
0.0,0.0,0.0,0.0,0.0
0.0,0.0,0.0,0.0,0.0
0.0,0.0,0.0,0.0,0.0
0.0,0.0,0.0,0.0,0.0
0.0,0.0,0.0,0.0,0.0
0.0,0.0,0.0,0.0,0.0
0.0,0.0,0.0,0.0,0.0
0.0,0.0,0.0,0.0,0.0
0.0,0.0,0.0,0.0,0.0
0.0,0.0,0.0,0.0,0.0
0.0,0.0,0.0,0.0,0.0
0.0,0.0,0.0,0.0,0.0
0.0,0.0,0.0,0.0,0.0
0.0,1.0,1.0,0.0,0.0
0.0,1.0,1.0,0.0,0.0
0.0,1.0,1.0,0.0,0.0
0.0,1.0,1.0,0.0,0.0
0.0,1.0,1.0,0.0,0.0
0.0,1.0,1.0,0.0,0.0
0.0,1.0,1.0,0.0,0.0
0.0,1.0,1.0,0.0,0.0
0.0,1.0,1.0,0.0,0.0
0.0,1.0,1.0,0.0,0.0
0.0,1.0,1.0,0.0,0.0
0.0,1.0,1.0,0.0,0.0
0.0,1.0,1.0,0.0,0.0
0.0,1.0,1.0,0.0,0.0
0.0,1.0,1.0,0.0,0.0
0.0,1.0,1.0,0.0,0.0
0.0,1.0,1.0,0.0,0.0
0.0,1.0,1.0,0.0,0.0
0.0,1.0,1.0,0.0,0.0
0.0,1.0,1.0,0.0,0.0
0.0,1.0,1.0,0.0,0.0
0.0,1.0,1.0,0.0,0.0
0.0,1.0,1.0,0.0,0.0
0.0,1.0,1.0,0.0,0.0
0.0,1.0,1.0,0.0,0.0
0.0,1.0,1.0,0.0,0.0
0.0,1.0,1.0,0.0,0.0
0.0,1.0,1.0,0.0,0.0
0.0,1.0,1.0,0.0,0.0
0.0,1.0,1.0,0.0,0.0
0.0,1.0,1.0,0.0,0.0
0.0,1.0,1.0,0.0,0.0
0.0,1.0,1.0,0.0,0.0
0.0,1.0,1.0,0.0,0.0
0.0,1.0,1.0,0.0,0.0
0.0,1.0,1.0,0.0,0.0
0.0,1.0,1.0,0.0,0.0
0.0,1.0,1.0,0.0,0.0
0.0,1.0,1.0,0.0,0.0
0.0,1.0,1.0,0.0,0.0
0.0,1.0,1.0,0.0,0.0
0.0,1.0,1.0,0.0,0.0
0.0,1.0,1.0,0.0,0.0
0.0,1.0,1.0,0.0,0.0
0.0,1.0,1.0,0.0,0.0
0.0,1.0,1.0,0.0,0.0
0.0,1.0,1.0,0.0,0.0
0.0,1.0,1.0,0.0,0.0
0.0,1.0,1.0,0.0,0.0
0.0,1.0,1.0,0.0,0.0
0.0,1.0,1.0,0.0,0.0
0.0,1.0,1.0,0.0,0.0
0.0,1.0,1.0,0.0,0.0
0.0,1.0,1.0,0.0,0.0
0.0,1.0,1.0,0.0,0.0
0.0,1.0,1.0,0.0,0.0
0.0,1.0,1.0,0.0,0.0
0.0,1.0,1.0,0.0,0.0
0.0,1.0,1.0,0.0,0.0
0.0,1.0,1.0,0.0,0.0
0.0,1.0,1.0,0.0,0.0
0.0,1.0,1.0,0.0,0.0
0.0,1.0,1.0,0.0,0.0
0.0,1.0,1.0,0.0,0.0
0.0,1.0,1.0,0.0,0.0
0.0,1.0,1.0,0.0,0.0
1.0,0.0,0.0,0.0,0.0
1.0,0.0,0.0,0.0,0.0
1.0,0.0,0.0,0.0,0.0
1.0,0.0,0.0,0.0,0.0
1.0,0.0,0.0,0.0,0.0
1.0,0.0,0.0,0.0,0.0
1.0,0.0,0.0,0.0,0.0
1.0,0.0,0.0,0.0,0.0
1.0,0.0,0.0,0.0,0.0
1.0,0.0,0.0,0.0,0.0
1.0,0.0,0.0,0.0,0.0
1.0,0.0,0.0,0.0,0.0
1.0,0.0,0.0,0.0,0.0
1.0,0.0,0.0,0.0,0.0
1.0,0.0,0.0,0.0,0.0
1.0,0.0,0.0,0.0,0.0
1.0,0.0,0.0,0.0,0.0
1.0,0.0,0.0,0.0,0.0
1.0,0.0,0.0,0.0,0.0
1.0,0.0,0.0,0.0,0.0
1.0,0.0,0.0,0.0,0.0
1.0,0.0,0.0,0.0,0.0
1.0,0.0,0.0,0.0,0.0
1.0,0.0,0.0,0.0,0.0
1.0,0.0,0.0,0.0,0.0
1.0,0.0,0.0,0.0,0.0
1.0,0.0,0.0,0.0,0.0
1.0,0.0,0.0,0.0,0.0
1.0,0.0,0.0,0.0,0.0
1.0,0.0,0.0,0.0,0.0
1.0,0.0,0.0,0.0,0.0
1.0,0.0,0.0,0.0,0.0
1.0,0.0,0.0,0.0,0.0
1.0,0.0,0.0,0.0,0.0
1.0,0.0,0.0,0.0,0.0
1.0,0.0,0.0,0.0,0.0
1.0,0.0,0.0,0.0,0.0
1.0,0.0,0.0,0.0,0.0
1.0,0.0,0.0,0.0,0.0
1.0,0.0,0.0,0.0,0.0
1.0,0.0,0.0,0.0,0.0
1.0,0.0,0.0,0.0,0.0
1.0,0.0,0.0,0.0,0.0
1.0,0.0,0.0,0.0,0.0
1.0,0.0,0.0,0.0,0.0
1.0,0.0,0.0,0.0,0.0
1.0,0.0,0.0,0.0,0.0
1.0,0.0,0.0,0.0,0.0
1.0,0.0,0.0,0.0,0.0
1.0,0.0,0.0,0.0,0.0
1.0,0.0,0.0,0.0,0.0
1.0,0.0,0.0,0.0,0.0
1.0,0.0,0.0,0.0,0.0
1.0,0.0,0.0,0.0,0.0
1.0,0.0,0.0,0.0,0.0
1.0,0.0,0.0,0.0,0.0
1.0,0.0,0.0,0.0,0.0
1.0,0.0,0.0,0.0,0.0
1.0,0.0,0.0,0.0,0.0
1.0,0.0,0.0,0.0,0.0
1.0,0.0,0.0,0.0,0.0
1.0,0.0,0.0,0.0,0.0
1.0,0.0,0.0,0.0,0.0
1.0,0.0,0.0,0.0,0.0
1.0,0.0,0.0,0.0,0.0
1.0,0.0,0.0,0.0,0.0
1.0,0.0,1.0,0.0,0.0
1.0,0.0,1.0,0.0,0.0
1.0,0.0,1.0,0.0,0.0
1.0,0.0,1.0,0.0,0.0
1.0,0.0,1.0,0.0,0.0
1.0,0.0,1.0,0.0,0.0
1.0,0.0,1.0,0.0,0.0
1.0,0.0,1.0,0.0,0.0
1.0,0.0,1.0,0.0,0.0
1.0,0.0,1.0,0.0,0.0
1.0,0.0,1.0,0.0,0.0
1.0,0.0,1.0,0.0,0.0
1.0,0.0,1.0,0.0,0.0
1.0,0.0,1.0,0.0,0.0
1.0,0.0,1.0,0.0,0.0
1.0,0.0,1.0,0.0,0.0
1.0,0.0,1.0,0.0,0.0
1.0,0.0,1.0,0.0,0.0
1.0,0.0,1.0,0.0,0.0
1.0,0.0,1.0,0.0,0.0
1.0,0.0,1.0,0.0,0.0
1.0,0.0,1.0,0.0,0.0
1.0,0.0,1.0,0.0,0.0
1.0,0.0,1.0,0.0,0.0
1.0,0.0,1.0,0.0,0.0
1.0,0.0,1.0,0.0,0.0
1.0,0.0,1.0,0.0,0.0
1.0,0.0,1.0,0.0,0.0
1.0,0.0,1.0,0.0,0.0
1.0,0.0,1.0,0.0,0.0
1.0,0.0,1.0,0.0,0.0
1.0,0.0,1.0,0.0,0.0
1.0,0.0,1.0,0.0,0.0
1.0,0.0,1.0,0.0,0.0
1.0,0.0,1.0,0.0,0.0
1.0,0.0,1.0,0.0,0.0
1.0,0.0,1.0,0.0,0.0
1.0,0.0,1.0,0.0,0.0
1.0,0.0,1.0,0.0,0.0
1.0,0.0,1.0,0.0,0.0
1.0,0.0,1.0,0.0,0.0
1.0,0.0,1.0,0.0,0.0
1.0,0.0,1.0,0.0,0.0
1.0,0.0,1.0,0.0,0.0
1.0,0.0,1.0,0.0,0.0
1.0,0.0,1.0,0.0,0.0
1.0,0.0,1.0,0.0,0.0
1.0,0.0,1.0,0.0,0.0
1.0,0.0,1.0,0.0,0.0
1.0,0.0,1.0,0.0,0.0
1.0,0.0,1.0,0.0,0.0
1.0,0.0,1.0,0.0,0.0
1.0,0.0,1.0,0.0,0.0
1.0,0.0,1.0,0.0,0.0
1.0,0.0,1.0,0.0,0.0
1.0,0.0,1.0,0.0,0.0
1.0,0.0,1.0,0.0,0.0
1.0,0.0,1.0,0.0,0.0
1.0,0.0,1.0,0.0,0.0
1.0,0.0,1.0,0.0,0.0
1.0,0.0,1.0,0.0,0.0
1.0,0.0,1.0,0.0,0.0
1.0,0.0,1.0,0.0,0.0
1.0,0.0,1.0,0.0,0.0
1.0,0.0,1.0,0.0,0.0
1.0,0.0,1.0,0.0,0.0
0.0,0.0,0.0,0.0,1.0
0.0,0.0,0.0,0.0,1.0
0.0,0.0,0.0,0.0,1.0
0.0,0.0,0.0,0.0,1.0
0.0,0.0,0.0,0.0,1.0
0.0,0.0,0.0,0.0,1.0
0.0,0.0,0.0,0.0,1.0
0.0,0.0,0.0,0.0,1.0
0.0,0.0,0.0,0.0,1.0
0.0,0.0,0.0,0.0,1.0
0.0,0.0,0.0,0.0,1.0
0.0,0.0,0.0,0.0,1.0
0.0,0.0,0.0,0.0,1.0
0.0,0.0,0.0,0.0,1.0
0.0,0.0,0.0,0.0,1.0
0.0,0.0,0.0,0.0,1.0
0.0,0.0,0.0,0.0,1.0
0.0,0.0,0.0,0.0,1.0
0.0,0.0,0.0,0.0,1.0
0.0,0.0,0.0,0.0,1.0
0.0,0.0,0.0,0.0,1.0
0.0,0.0,0.0,0.0,1.0
0.0,0.0,0.0,0.0,1.0
0.0,0.0,0.0,0.0,1.0
0.0,0.0,0.0,0.0,1.0
0.0,0.0,0.0,0.0,1.0
0.0,0.0,0.0,0.0,1.0
0.0,0.0,0.0,0.0,1.0
0.0,0.0,0.0,0.0,1.0
0.0,0.0,0.0,0.0,1.0
0.0,0.0,0.0,0.0,1.0
0.0,0.0,0.0,0.0,1.0
0.0,0.0,0.0,0.0,1.0
0.0,0.0,0.0,0.0,1.0
0.0,0.0,0.0,0.0,1.0
0.0,0.0,0.0,0.0,1.0
0.0,0.0,0.0,0.0,1.0
0.0,0.0,0.0,0.0,1.0
0.0,0.0,0.0,0.0,1.0
0.0,0.0,0.0,0.0,1.0
0.0,0.0,0.0,0.0,1.0
0.0,0.0,0.0,0.0,1.0
0.0,0.0,0.0,0.0,1.0
0.0,0.0,0.0,0.0,1.0
0.0,0.0,0.0,0.0,1.0
0.0,0.0,0.0,0.0,1.0
0.0,0.0,0.0,0.0,1.0
0.0,0.0,0.0,0.0,1.0
0.0,0.0,0.0,0.0,1.0
0.0,0.0,0.0,0.0,1.0
0.0,0.0,0.0,0.0,1.0
0.0,0.0,0.0,0.0,1.0
0.0,0.0,0.0,0.0,1.0
0.0,0.0,0.0,0.0,1.0
0.0,0.0,0.0,0.0,1.0
0.0,0.0,0.0,0.0,1.0
0.0,0.0,0.0,0.0,1.0
0.0,0.0,0.0,0.0,1.0
0.0,0.0,0.0,0.0,1.0
0.0,0.0,0.0,0.0,1.0
0.0,0.0,0.0,0.0,1.0
0.0,0.0,0.0,0.0,1.0
0.0,0.0,0.0,0.0,1.0
0.0,0.0,0.0,0.0,1.0
0.0,0.0,0.0,0.0,1.0
0.0,0.0,0.0,0.0,1.0
1.0,0.0,0.0,0.0,0.0
1.0,0.0,0.0,0.0,0.0
1.0,0.0,0.0,0.0,0.0
1.0,0.0,0.0,0.0,0.0
1.0,0.0,0.0,0.0,0.0
1.0,0.0,0.0,0.0,0.0
1.0,0.0,0.0,0.0,0.0
1.0,0.0,0.0,0.0,0.0
1.0,0.0,0.0,0.0,0.0
1.0,0.0,0.0,0.0,0.0
1.0,0.0,0.0,0.0,0.0
1.0,0.0,0.0,0.0,0.0
1.0,0.0,0.0,0.0,0.0
1.0,0.0,0.0,0.0,0.0
1.0,0.0,0.0,0.0,0.0
1.0,0.0,0.0,0.0,0.0
1.0,0.0,0.0,0.0,0.0
1.0,0.0,0.0,0.0,0.0
1.0,0.0,0.0,0.0,0.0
1.0,0.0,0.0,0.0,0.0
1.0,0.0,0.0,0.0,0.0
1.0,0.0,0.0,0.0,0.0
1.0,0.0,0.0,0.0,0.0
1.0,0.0,0.0,0.0,0.0
1.0,0.0,0.0,0.0,0.0
1.0,0.0,0.0,0.0,0.0
1.0,0.0,0.0,0.0,0.0
1.0,0.0,0.0,0.0,0.0
1.0,0.0,0.0,0.0,0.0
1.0,0.0,0.0,0.0,0.0
1.0,0.0,0.0,0.0,0.0
1.0,0.0,0.0,0.0,0.0
1.0,0.0,0.0,0.0,0.0
1.0,0.0,0.0,0.0,0.0
1.0,0.0,0.0,0.0,0.0
1.0,0.0,0.0,0.0,0.0
1.0,0.0,0.0,0.0,0.0
1.0,0.0,0.0,0.0,0.0
1.0,0.0,0.0,0.0,0.0
1.0,0.0,0.0,0.0,0.0
1.0,0.0,0.0,0.0,0.0
1.0,0.0,0.0,0.0,0.0
1.0,0.0,0.0,0.0,0.0
1.0,0.0,0.0,0.0,0.0
1.0,0.0,0.0,0.0,0.0
1.0,0.0,0.0,0.0,0.0
1.0,0.0,0.0,0.0,0.0
1.0,0.0,0.0,0.0,0.0
1.0,0.0,0.0,0.0,0.0
1.0,0.0,0.0,0.0,0.0
1.0,0.0,0.0,0.0,0.0
1.0,0.0,0.0,0.0,0.0
1.0,0.0,0.0,0.0,0.0
1.0,0.0,0.0,0.0,0.0
1.0,0.0,0.0,0.0,0.0
1.0,0.0,0.0,0.0,0.0
1.0,0.0,0.0,0.0,0.0
1.0,0.0,0.0,0.0,0.0
1.0,0.0,0.0,0.0,0.0
1.0,0.0,0.0,0.0,0.0
1.0,0.0,0.0,0.0,0.0
1.0,0.0,0.0,0.0,0.0
1.0,0.0,0.0,0.0,0.0
1.0,0.0,0.0,0.0,0.0
1.0,0.0,0.0,0.0,0.0
1.0,0.0,0.0,0.0,0.0
0.0,0.0,0.0,1.0,0.0
0.0,0.0,0.0,1.0,0.0
0.0,0.0,0.0,1.0,0.0
0.0,0.0,0.0,1.0,0.0
0.0,0.0,0.0,1.0,0.0
0.0,0.0,0.0,1.0,0.0
0.0,0.0,0.0,1.0,0.0
0.0,0.0,0.0,1.0,0.0
0.0,0.0,0.0,1.0,0.0
0.0,0.0,0.0,1.0,0.0
0.0,0.0,0.0,1.0,0.0
0.0,0.0,0.0,1.0,0.0
0.0,0.0,0.0,1.0,0.0
0.0,0.0,0.0,1.0,0.0
0.0,0.0,0.0,1.0,0.0
0.0,0.0,0.0,1.0,0.0
0.0,0.0,0.0,1.0,0.0
0.0,0.0,0.0,1.0,0.0
0.0,0.0,0.0,1.0,0.0
0.0,0.0,0.0,1.0,0.0
0.0,0.0,0.0,1.0,0.0
0.0,0.0,0.0,1.0,0.0
0.0,0.0,0.0,1.0,0.0
0.0,0.0,0.0,1.0,0.0
0.0,0.0,0.0,1.0,0.0
0.0,0.0,0.0,1.0,0.0
0.0,0.0,0.0,1.0,0.0
0.0,0.0,0.0,1.0,0.0
0.0,0.0,0.0,1.0,0.0
0.0,0.0,0.0,1.0,0.0
0.0,0.0,0.0,1.0,0.0
0.0,0.0,0.0,1.0,0.0
0.0,0.0,0.0,1.0,0.0
0.0,0.0,0.0,1.0,0.0
0.0,0.0,0.0,1.0,0.0
0.0,0.0,0.0,1.0,0.0
0.0,0.0,0.0,1.0,0.0
0.0,0.0,0.0,1.0,0.0
0.0,0.0,0.0,1.0,0.0
0.0,0.0,0.0,1.0,0.0
0.0,0.0,0.0,1.0,0.0
0.0,0.0,0.0,1.0,0.0
0.0,0.0,0.0,1.0,0.0
0.0,0.0,0.0,1.0,0.0
0.0,0.0,0.0,1.0,0.0
0.0,0.0,0.0,1.0,0.0
0.0,0.0,0.0,1.0,0.0
0.0,0.0,0.0,1.0,0.0
0.0,0.0,0.0,1.0,0.0
0.0,0.0,0.0,1.0,0.0
0.0,0.0,0.0,1.0,0.0
0.0,0.0,0.0,1.0,0.0
0.0,0.0,0.0,1.0,0.0
0.0,0.0,0.0,1.0,0.0
0.0,0.0,0.0,1.0,0.0
0.0,0.0,0.0,1.0,0.0
0.0,0.0,0.0,1.0,0.0
0.0,0.0,0.0,1.0,0.0
0.0,0.0,0.0,1.0,0.0
0.0,0.0,0.0,1.0,0.0
0.0,0.0,0.0,1.0,0.0
0.0,0.0,0.0,1.0,0.0
0.0,0.0,0.0,1.0,0.0
0.0,0.0,0.0,1.0,0.0
0.0,0.0,0.0,1.0,0.0
0.0,0.0,0.0,1.0,0.0
1.0,0.0,0.0,0.0,1.0
1.0,0.0,0.0,0.0,1.0
1.0,0.0,0.0,0.0,1.0
1.0,0.0,0.0,0.0,1.0
1.0,0.0,0.0,0.0,1.0
1.0,0.0,0.0,0.0,1.0
1.0,0.0,0.0,0.0,1.0
1.0,0.0,0.0,0.0,1.0
1.0,0.0,0.0,0.0,1.0
1.0,0.0,0.0,0.0,1.0
1.0,0.0,0.0,0.0,1.0
1.0,0.0,0.0,0.0,1.0
1.0,0.0,0.0,0.0,1.0
1.0,0.0,0.0,0.0,1.0
1.0,0.0,0.0,0.0,1.0
1.0,0.0,0.0,0.0,1.0
1.0,0.0,0.0,0.0,1.0
1.0,0.0,0.0,0.0,1.0
1.0,0.0,0.0,0.0,1.0
1.0,0.0,0.0,0.0,1.0
1.0,0.0,0.0,0.0,1.0
1.0,0.0,0.0,0.0,1.0
1.0,0.0,0.0,0.0,1.0
1.0,0.0,0.0,0.0,1.0
1.0,0.0,0.0,0.0,1.0
1.0,0.0,0.0,0.0,1.0
1.0,0.0,0.0,0.0,1.0
1.0,0.0,0.0,0.0,1.0
1.0,0.0,0.0,0.0,1.0
1.0,0.0,0.0,0.0,1.0
1.0,0.0,0.0,0.0,1.0
1.0,0.0,0.0,0.0,1.0
1.0,0.0,0.0,0.0,1.0
1.0,0.0,0.0,0.0,1.0
1.0,0.0,0.0,0.0,1.0
1.0,0.0,0.0,0.0,1.0
1.0,0.0,0.0,0.0,1.0
1.0,0.0,0.0,0.0,1.0
1.0,0.0,0.0,0.0,1.0
1.0,0.0,0.0,0.0,1.0
1.0,0.0,0.0,0.0,1.0
1.0,0.0,0.0,0.0,1.0
1.0,0.0,0.0,0.0,1.0
1.0,0.0,0.0,0.0,1.0
1.0,0.0,0.0,0.0,1.0
1.0,0.0,0.0,0.0,1.0
1.0,0.0,0.0,0.0,1.0
1.0,0.0,0.0,0.0,1.0
1.0,0.0,0.0,0.0,1.0
1.0,0.0,0.0,0.0,1.0
1.0,0.0,0.0,0.0,1.0
1.0,0.0,0.0,0.0,1.0
1.0,0.0,0.0,0.0,1.0
1.0,0.0,0.0,0.0,1.0
1.0,0.0,0.0,0.0,1.0
1.0,0.0,0.0,0.0,1.0
1.0,0.0,0.0,0.0,1.0
1.0,0.0,0.0,0.0,1.0
1.0,0.0,0.0,0.0,1.0
1.0,0.0,0.0,0.0,1.0
1.0,0.0,0.0,0.0,1.0
1.0,0.0,0.0,0.0,1.0
1.0,0.0,0.0,0.0,1.0
1.0,0.0,0.0,0.0,1.0
1.0,0.0,0.0,0.0,1.0
1.0,0.0,0.0,0.0,1.0
